{"cameraMode":{"drawMode":0,"name":"Shaded","section":"Shading Mode"},"sceneLighting":false,"audioPlay":false,"sceneViewState":{"m_AlwaysRefresh":false,"showFog":true,"showSkybox":false,"showFlares":true,"showImageEffects":true,"showParticleSystems":true,"showVisualEffectGraphs":true,"m_FxEnabled":true},"in2DMode":false,"pivot":{"x":0.000050067901611328125,"y":0.30000001192092898,"z":9.715502738952637},"rotation":{"x":-0.1577857881784439,"y":0.6900650262832642,"z":-0.158162921667099,"w":-0.6884124279022217},"size":2.245830535888672,"orthographic":false}