{"cameraMode":{"drawMode":0,"name":"Shaded","section":"Shading Mode"},"sceneLighting":false,"audioPlay":false,"sceneViewState":{"m_AlwaysRefresh":false,"showFog":true,"showSkybox":false,"showFlares":true,"showImageEffects":true,"showParticleSystems":true,"showVisualEffectGraphs":true,"m_FxEnabled":true},"in2DMode":false,"pivot":{"x":0.1549999713897705,"y":0.6250002980232239,"z":62.900001525878909},"rotation":{"x":-0.29846012592315676,"y":0.13597120344638825,"z":-0.04300274699926376,"w":-0.9437071681022644},"size":3.2593204975128176,"orthographic":false}